spec_score,battery,ram,internal_storage,rear_mp,front_mp,brand_encoded,processor_encoded,price
90,6200,12.0,256.0,50,32.0,24,132,54990
82,7300,8.0,128.0,50,32.0,14,130,21999
75,7300,8.0,128.0,50,32.0,35,130,22990
86,5500,8.0,256.0,50,32.0,20,35,25979
81,5500,8.0,128.0,64,13.0,13,30,15999
88,5000,8.0,256.0,50,32.0,20,129,22999
81,5000,8.0,128.0,50,12.0,29,64,27999
76,6500,6.0,128.0,50,8.0,14,32,13499
75,5000,6.0,128.0,50,32.0,4,29,21999
80,7000,8.0,128.0,50,16.0,25,104,17999
83,5600,8.0,128.0,50,50.0,35,32,28999
89,5000,8.0,256.0,50,50.0,13,26,23990
76,6500,8.0,128.0,50,16.0,29,92,19990
76,6500,6.0,128.0,50,8.0,35,32,14744
76,6000,6.0,128.0,50,16.0,27,17,14990
84,6400,8.0,128.0,50,32.0,14,149,26998
82,6000,8.0,128.0,50,16.0,27,35,19999
67,1800,6.0,128.0,50,8.0,18,98,32990
86,5000,8.0,128.0,50,50.0,29,115,16358
85,6000,8.0,128.0,50,50.0,35,117,34999
87,5500,12.0,256.0,50,32.0,20,35,27990
86,6000,8.0,256.0,50,50.0,35,56,34990
89,6200,8.0,256.0,50,32.0,24,132,49990
89,3900,8.0,128.0,200,12.0,29,132,49990
88,4700,8.0,128.0,50,10.0,29,69,44999
75,5000,6.0,128.0,50,32.0,4,35,19999
76,7100,8.0,256.0,50,16.0,24,45,29990
80,6000,6.0,128.0,50,16.0,27,104,16342
85,5000,8.0,128.0,50,32.0,22,130,23480
85,5000,8.0,128.0,50,32.0,20,129,19499
83,7300,12.0,256.0,50,32.0,14,130,25999
84,6000,8.0,128.0,50,16.0,20,22,13795
75,5500,6.0,128.0,50,8.0,13,30,13988
89,6000,12.0,256.0,50,16.0,24,136,42998
82,7300,8.0,256.0,50,32.0,14,130,23999
89,5700,8.0,256.0,50,50.0,35,56,54990
83,6000,8.0,128.0,50,16.0,27,44,25999
88,6500,12.0,256.0,50,32.0,25,150,29990
78,5000,8.0,256.0,64,13.0,0,17,9990
70,5000,4.0,128.0,50,8.0,15,17,9999
68,5500,4.0,128.0,50,8.0,36,99,9990
82,5000,8.0,128.0,50,32.0,20,112,17090
95,5000,12.0,256.0,200,12.0,29,132,123999
80,5500,12.0,256.0,50,50.0,29,137,62990
85,5000,8.0,128.0,50,12.0,29,65,38999
78,6000,6.0,128.0,50,8.0,27,18,13499
92,5200,12.0,256.0,50,32.0,13,45,31990
82,5500,8.0,128.0,50,16.0,35,117,21235
85,5500,8.0,128.0,50,16.0,24,119,27499
85,5110,6.0,128.0,50,20.0,36,21,17299
80,5700,8.0,256.0,50,50.0,35,92,34990
75,5000,12.0,256.0,50,50.0,0,35,17990
94,5000,12.0,256.0,200,12.0,29,136,90888
80,6500,8.0,256.0,50,8.0,14,32,16499
85,6000,8.0,128.0,50,32.0,27,130,27999
87,5600,8.0,128.0,50,50.0,25,45,37999
81,5000,8.0,128.0,50,16.0,20,112,12002
86,5100,8.0,256.0,48,13.0,9,154,49999
85,6550,8.0,256.0,50,20.0,26,47,25199
82,5000,8.0,256.0,50,12.0,29,64,29990
80,6000,8.0,128.0,50,16.0,25,32,27999
83,5500,8.0,128.0,50,16.0,24,109,17998
81,5500,8.0,256.0,64,13.0,13,30,17999
86,5200,8.0,256.0,50,50.0,31,32,25990
91,6000,12.0,256.0,50,32.0,14,132,54998
81,6000,6.0,128.0,50,13.0,29,63,15499
86,5000,8.0,128.0,50,32.0,22,24,18495
92,5000,12.0,256.0,200,32.0,13,43,24990
80,5000,6.0,128.0,50,16.0,27,23,13438
83,5500,8.0,128.0,50,16.0,24,117,22998
87,3561,8.0,128.0,48,12.0,1,6,71290
86,6550,12.0,256.0,50,20.0,36,47,23990
83,5000,8.0,128.0,50,12.0,29,103,30999
81,5000,8.0,128.0,64,16.0,17,17,13999
80,6500,8.0,256.0,50,8.0,35,32,17942
81,5000,8.0,128.0,50,50.0,29,72,45990
87,5000,8.0,256.0,50,32.0,20,114,22875
83,5500,8.0,128.0,50,16.0,14,32,19999
75,6500,8.0,128.0,50,8.0,35,98,16999
86,6000,12.0,512.0,50,50.0,14,92,69990
80,5000,6.0,128.0,50,16.0,27,23,13450
89,5000,8.0,256.0,50,50.0,20,117,32990
97,6000,12.0,256.0,200,50.0,35,132,79990
93,6000,12.0,256.0,50,32.0,24,132,69998
80,5000,6.0,128.0,50,16.0,4,32,13618
94,4600,12.0,512.0,200,60.0,20,132,69990
85,6200,8.0,128.0,50,20.0,36,130,29880
85,5000,8.0,128.0,50,13.0,29,63,22169
76,5000,4.0,128.0,50,13.0,29,17,11499
88,7500,12.0,256.0,50,32.0,36,150,39990
87,4310,8.0,256.0,50,32.0,20,32,21649
89,4900,12.0,256.0,50,12.0,29,68,55390
84,5600,8.0,256.0,50,50.0,35,32,30999
88,7000,12.0,256.0,50,32.0,14,150,44990
88,8000,12.0,512.0,200,50.0,27,131,59990
83,5500,8.0,128.0,50,20.0,36,31,21913
78,6000,8.0,128.0,50,8.0,27,83,9990
79,4700,8.0,256.0,50,32.0,20,36,27990
84,6400,8.0,256.0,50,32.0,14,149,28998
89,4900,12.0,256.0,50,12.0,29,68,57200
76,6000,4.0,128.0,50,8.0,14,102,11999
84,5500,8.0,128.0,50,50.0,35,53,31490
97,6000,16.0,512.0,200,32.0,35,59,94999
79,5110,6.0,128.0,50,20.0,26,21,13849
84,5200,8.0,256.0,50,13.0,13,73,14990
88,5000,8.0,128.0,50,50.0,22,128,29798
81,5700,12.0,256.0,50,50.0,27,92,37990
82,6000,8.0,256.0,50,16.0,27,35,21499
79,6500,8.0,128.0,50,16.0,25,102,23999
78,5000,4.0,128.0,50,16.0,20,166,10468
87,5000,8.0,256.0,50,50.0,29,115,19220
82,5200,8.0,128.0,50,32.0,27,128,18148
79,6500,8.0,128.0,50,8.0,14,32,14999
91,5300,12.0,256.0,50,32.0,26,132,54990
75,5000,6.0,128.0,50,32.0,29,92,24990
81,6000,8.0,128.0,50,16.0,27,130,23420
80,5030,6.0,128.0,108,13.0,26,97,10998
85,6000,12.0,256.0,50,16.0,20,22,16168
86,5000,8.0,256.0,50,32.0,22,130,26378
84,5500,8.0,128.0,50,16.0,14,117,24999
85,4005,8.0,128.0,48,12.0,1,6,56790
76,6500,8.0,256.0,50,8.0,35,98,18999
80,6000,12.0,512.0,50,32.0,20,137,59990
91,5800,12.0,256.0,50,32.0,35,59,65999
83,5500,8.0,128.0,50,20.0,36,31,22178
83,6000,8.0,256.0,50,16.0,25,32,23990
85,5000,8.0,128.0,50,16.0,27,27,15999
84,5000,8.0,256.0,64,16.0,26,42,19999
82,6500,12.0,256.0,50,50.0,25,55,59990
82,5500,8.0,256.0,50,16.0,25,26,32990
82,6000,8.0,128.0,50,16.0,27,104,17899
90,4685,8.0,256.0,48,12.0,1,5,135900
86,5000,8.0,256.0,200,16.0,36,25,23350
91,5800,12.0,256.0,50,50.0,25,45,49999
77,5000,4.0,128.0,50,13.0,29,17,13499
82,6000,12.0,256.0,50,16.0,25,32,31999
76,5100,6.0,128.0,50,5.0,25,17,14990
81,5000,6.0,128.0,108,16.0,36,15,15245
93,5000,12.0,256.0,200,12.0,29,133,89399
88,6000,12.0,512.0,50,50.0,35,117,40999
75,5500,4.0,128.0,50,8.0,35,17,13999
86,7000,8.0,256.0,50,32.0,25,104,24990
82,5000,8.0,128.0,50,16.0,27,23,13770
92,5240,12.0,512.0,50,32.0,36,132,64999
86,5000,8.0,128.0,64,32.0,24,41,35999
73,5000,4.0,128.0,50,8.0,29,17,9867
75,5100,6.0,128.0,32,8.0,25,17,12470
84,5000,12.0,256.0,50,32.0,20,112,19480
79,6000,6.0,128.0,50,8.0,14,102,13499
78,3240,4.0,128.0,12,12.0,1,2,44990
88,5110,8.0,256.0,50,20.0,36,21,20998
82,5000,8.0,128.0,50,16.0,4,32,14821
86,7000,12.0,256.0,50,16.0,14,48,39990
87,5000,8.0,128.0,50,50.0,29,117,27990
82,5000,8.0,128.0,50,16.0,27,23,13968
70,5200,4.0,64.0,50,8.0,20,78,7299
85,5000,8.0,128.0,50,13.0,29,63,24455
89,4000,8.0,256.0,50,12.0,29,68,55850
83,4500,8.0,128.0,50,10.0,29,67,37999
85,6500,12.0,256.0,50,50.0,24,92,69990
89,5000,12.0,256.0,64,16.0,14,136,41999
82,6000,8.0,128.0,50,16.0,27,104,17780
86,6000,12.0,256.0,50,20.0,26,136,42990
88,4500,12.0,256.0,50,50.0,20,117,30336
84,5000,8.0,256.0,50,16.0,14,26,17499
70,5000,4.0,64.0,50,8.0,29,80,6299
86,5000,8.0,256.0,50,32.0,25,32,23542
78,3240,4.0,128.0,12,12.0,1,2,44490
78,5500,8.0,128.0,50,8.0,13,30,12999
72,5200,6.0,128.0,32,8.0,26,165,7499
85,5000,12.0,256.0,50,50.0,29,92,159990
85,6100,12.0,256.0,50,16.0,14,136,26990
85,5500,8.0,256.0,50,16.0,24,119,27707
84,5000,8.0,256.0,50,16.0,14,26,17999
83,5000,8.0,128.0,108,16.0,26,15,12999
75,6000,4.0,128.0,50,8.0,35,102,12499
90,6000,16.0,512.0,50,16.0,24,136,46689
87,5000,8.0,256.0,108,32.0,13,40,22700
88,5000,8.0,128.0,50,32.0,29,64,31898
76,5000,4.0,128.0,50,16.0,20,112,10277
84,5000,8.0,256.0,50,20.0,26,149,22999
89,3582,8.0,128.0,48,12.0,1,5,110900
84,5000,8.0,128.0,50,50.0,35,117,25499
87,5600,8.0,256.0,50,50.0,25,45,34990
84,4383,6.0,128.0,48,12.0,1,3,68499
92,6000,16.0,512.0,50,32.0,14,132,59999
79,5000,6.0,128.0,50,13.0,29,17,12999
92,4500,12.0,512.0,64,50.0,20,149,47787
88,5000,12.0,256.0,50,50.0,29,115,23999
89,5500,8.0,256.0,50,50.0,35,53,46990
91,5200,12.0,512.0,50,2.0,11,149,37998
93,5000,12.0,256.0,200,32.0,21,135,59990
95,5000,12.0,512.0,200,12.0,29,132,119499
77,6000,8.0,256.0,50,32.0,27,92,34990
86,5000,12.0,256.0,50,12.0,29,65,44999
66,5000,4.0,64.0,8,5.0,26,75,5699
89,4441,8.0,256.0,48,12.0,1,4,103994
81,6000,8.0,256.0,50,16.0,25,32,29999
88,4700,8.0,256.0,50,10.0,29,69,46460
89,5600,12.0,512.0,50,50.0,25,45,43999
89,5500,8.0,256.0,50,32.0,27,149,33999
86,5500,8.0,256.0,50,16.0,24,135,35470
86,5000,8.0,256.0,50,13.0,29,63,27999
87,5110,8.0,128.0,50,20.0,36,21,17998
84,5200,12.0,256.0,50,32.0,27,128,19999
81,6000,8.0,128.0,50,16.0,27,28,24977
70,5000,4.0,64.0,50,8.0,29,80,6249
83,5500,8.0,256.0,50,16.0,24,117,23721
86,5000,8.0,256.0,50,32.0,22,130,25398
75,6000,4.0,128.0,50,8.0,35,102,12909
83,6500,12.0,512.0,50,2.0,35,17,37990
77,5500,8.0,256.0,50,50.0,25,92,26990
86,5500,12.0,256.0,50,50.0,35,53,30999
81,5000,6.0,128.0,50,16.0,27,28,15800
83,5500,8.0,128.0,50,50.0,35,32,25999
83,5000,8.0,128.0,50,32.0,35,98,21999
88,6000,12.0,256.0,50,16.0,23,136,40999
89,6000,12.0,256.0,50,32.0,25,54,39990
89,5500,8.0,256.0,50,50.0,35,53,44993
84,5000,8.0,256.0,50,20.0,26,149,25499
83,6000,8.0,256.0,50,16.0,27,44,26705
87,5000,8.0,256.0,108,32.0,13,40,24800
66,5000,4.0,64.0,8,5.0,26,75,5899
88,5000,8.0,128.0,50,32.0,25,23,24599
84,4383,6.0,128.0,48,12.0,1,3,71490
80,5000,8.0,128.0,50,32.0,15,163,17990
81,6000,8.0,128.0,50,16.0,27,28,23620
88,5000,12.0,256.0,50,50.0,29,115,24429
86,5500,8.0,256.0,50,32.0,27,119,24998
82,5000,8.0,128.0,50,16.0,27,23,13999
84,5500,8.0,128.0,50,20.0,26,31,20499
85,5000,8.0,128.0,108,16.0,24,108,18985
81,5000,8.0,128.0,50,13.0,29,17,14499
75,6700,8.0,128.0,50,32.0,35,35,15990
83,6000,12.0,256.0,50,16.0,27,35,23499
75,6000,6.0,128.0,50,8.0,27,17,13927
74,5800,4.0,64.0,50,8.0,29,17,10499
87,5200,8.0,256.0,50,50.0,11,117,24998
78,5000,8.0,256.0,50,32.0,24,116,22990
83,5500,8.0,256.0,50,16.0,24,117,24998
83,5000,8.0,128.0,50,16.0,14,26,15499
79,3240,4.0,256.0,12,12.0,1,2,43994
67,5000,4.0,64.0,13,5.0,35,164,8990
89,4700,8.0,256.0,50,32.0,36,149,36969
88,4500,12.0,256.0,50,50.0,20,117,30999
89,4700,12.0,256.0,50,5.0,9,154,74999
89,5000,12.0,256.0,64,16.0,14,136,45999
73,5000,4.0,128.0,50,5.0,26,16,8499
81,3279,6.0,128.0,12,12.0,1,2,50990
87,5110,8.0,128.0,50,20.0,36,21,17990
83,6000,8.0,256.0,50,16.0,27,104,20990
92,5700,12.0,256.0,50,32.0,35,59,55990
83,5500,8.0,256.0,50,16.0,35,117,23262
73,5000,4.0,128.0,50,8.0,29,17,9569
83,5030,8.0,128.0,108,13.0,36,95,13195
94,6100,12.0,256.0,50,32.0,25,132,76990
77,6000,6.0,128.0,50,13.0,29,16,12048
91,5000,8.0,128.0,108,32.0,29,118,42990
84,5000,16.0,512.0,50,32.0,32,92,69999
81,6000,8.0,128.0,50,8.0,27,18,14045
66,5180,6.0,128.0,50,8.0,27,92,14990
82,5000,8.0,128.0,50,13.0,13,73,17990
86,5000,8.0,256.0,50,50.0,22,33,22296
75,5000,4.0,128.0,50,8.0,35,17,10283
89,5000,16.0,512.0,64,16.0,14,136,46999
89,5300,8.0,256.0,200,50.0,11,117,34990
90,6700,12.0,256.0,50,32.0,24,132,49990
80,6000,12.0,256.0,50,16.0,27,104,21990
77,5100,8.0,128.0,50,8.0,25,17,16574
89,5000,12.0,256.0,50,50.0,22,128,33999
82,5110,8.0,256.0,50,20.0,26,21,15499
84,6200,12.0,256.0,50,50.0,35,58,48990
84,6000,12.0,256.0,50,16.0,27,44,29998
85,5000,8.0,256.0,108,8.0,13,17,12745
79,5000,6.0,128.0,64,16.0,17,17,12999
75,5000,6.0,128.0,50,8.0,29,17,10499
84,5000,8.0,256.0,50,12.0,29,103,33999
85,6600,8.0,256.0,108,16.0,11,102,27990
68,5100,4.0,128.0,8,5.0,25,17,12499
80,5000,8.0,256.0,200,60.0,36,37,35990
87,6200,12.0,512.0,50,20.0,36,130,32890
90,5500,16.0,512.0,50,32.0,27,149,39999
94,5400,16.0,512.0,64,32.0,24,136,56998
75,5160,6.0,128.0,50,8.0,36,98,11499
86,5000,8.0,256.0,50,13.0,29,63,24850
84,5300,12.0,256.0,50,16.0,11,136,25990
91,5500,12.0,256.0,50,50.0,13,43,34990
89,6500,12.0,256.0,50,16.0,23,132,59990
88,4700,8.0,128.0,50,32.0,22,138,34799
88,5500,8.0,256.0,64,50.0,22,149,29999
84,5200,8.0,128.0,50,32.0,31,73,24990
82,4500,8.0,256.0,200,12.0,29,72,49990
84,5200,12.0,256.0,50,32.0,27,128,20011
79,5000,8.0,128.0,48,8.0,13,17,10450
75,3000,8.0,128.0,12,24.0,1,1,79990
81,5000,8.0,256.0,64,8.0,25,23,27999
89,6000,8.0,256.0,200,32.0,31,23,23990
84,5000,8.0,256.0,108,16.0,36,15,15499
85,4600,12.0,256.0,50,50.0,35,126,23499
87,5000,8.0,128.0,50,16.0,24,135,34697
89,5000,12.0,256.0,50,32.0,27,134,27600
76,5500,8.0,256.0,50,32.0,27,35,17990
75,7500,8.0,128.0,50,32.0,35,151,23990
87,6000,12.0,256.0,50,32.0,27,130,33488
86,5800,8.0,128.0,50,32.0,25,102,32990
87,6500,12.0,256.0,200,50.0,35,60,69990
88,5000,8.0,256.0,50,16.0,20,103,32990
86,5500,12.0,256.0,50,16.0,24,119,32998
89,5000,12.0,512.0,50,50.0,25,28,31999
85,5000,8.0,128.0,50,50.0,29,115,19799
85,5100,12.0,256.0,50,50.0,30,137,144990
95,5910,16.0,512.0,50,32.0,25,59,89999
87,5500,12.0,256.0,50,32.0,27,119,26998
85,7000,8.0,256.0,50,16.0,27,46,21990
82,5200,8.0,128.0,50,32.0,27,129,19298
83,5000,8.0,128.0,50,16.0,27,17,13562
65,5000,4.0,64.0,13,5.0,35,80,6990
83,5160,8.0,256.0,50,16.0,14,135,33999
83,5000,8.0,128.0,64,32.0,36,14,15990
77,4575,8.0,128.0,50,5.0,9,153,63999
70,5800,8.0,128.0,50,8.0,25,110,17499
85,5000,8.0,256.0,50,12.0,29,65,41999
75,7000,8.0,128.0,50,16.0,29,18,18990
95,5000,12.0,512.0,200,12.0,29,132,135999
86,6000,8.0,256.0,50,32.0,27,130,31635
91,6150,12.0,256.0,64,16.0,23,132,53990
75,7300,8.0,128.0,50,32.0,35,128,21990
87,6415,12.0,256.0,50,16.0,24,136,26990
84,5500,8.0,256.0,50,16.0,24,109,20998
92,5630,12.0,256.0,50,32.0,25,59,61999
87,5500,16.0,256.0,50,16.0,24,135,35999
75,5000,8.0,128.0,108,16.0,36,100,14999
79,4190,12.0,128.0,50,24.0,1,8,89990
89,4900,12.0,256.0,50,12.0,29,148,99999
89,4441,8.0,256.0,48,12.0,1,4,134899
56,3500,4.0,32.0,13,5.0,8,156,6190
94,6000,16.0,512.0,50,32.0,24,132,76998
89,5500,12.0,256.0,50,50.0,35,55,40990
81,6000,12.0,256.0,50,50.0,35,60,54990
84,5000,12.0,256.0,50,16.0,27,27,17132
87,3561,8.0,256.0,48,12.0,1,6,81490
77,6000,8.0,256.0,50,32.0,14,92,26990
83,6000,8.0,128.0,50,13.0,29,63,18499
83,4500,8.0,256.0,108,50.0,11,15,18998
78,6000,6.0,128.0,50,8.0,35,102,14499
86,5000,8.0,256.0,50,32.0,22,24,20300
82,4800,8.0,256.0,64,16.0,35,96,17485
95,5000,12.0,512.0,200,12.0,29,136,129999
80,5000,8.0,256.0,50,8.0,36,98,13994
89,4000,12.0,128.0,50,12.0,29,148,74998
85,5230,8.0,256.0,108,16.0,11,21,32990
83,6500,12.0,256.0,50,50.0,14,131,79990
80,5000,6.0,128.0,50,13.0,29,17,15499
72,5160,4.0,128.0,50,5.0,36,100,8999
75,5500,8.0,256.0,50,50.0,27,92,19990
90,5500,12.0,512.0,50,50.0,35,53,49489
84,6000,8.0,256.0,50,13.0,29,63,21499
69,5000,4.0,64.0,13,5.0,35,17,9999
70,5000,4.0,64.0,50,8.0,29,80,7035
77,5000,6.0,128.0,50,8.0,35,17,11499
79,7200,12.0,256.0,50,16.0,27,58,45990
75,5000,4.0,128.0,50,8.0,14,17,10498
90,5800,12.0,256.0,50,16.0,27,132,54998
85,5000,12.0,256.0,50,20.0,26,149,24999
85,6000,8.0,128.0,50,16.0,20,22,15990
93,5060,16.0,256.0,50,42.0,9,154,114999
89,5000,8.0,256.0,50,32.0,29,64,34430
84,5000,8.0,128.0,50,32.0,27,23,18990
85,5000,8.0,256.0,50,50.0,35,117,24999
81,5000,8.0,128.0,50,8.0,13,73,15990
72,5000,4.0,128.0,48,8.0,13,79,9999
71,5000,8.0,128.0,16,5.0,20,160,7999
84,5500,8.0,256.0,50,16.0,25,117,21999
89,5000,12.0,512.0,50,50.0,31,41,29499
74,5000,4.0,128.0,50,5.0,36,16,10999
84,3349,6.0,256.0,48,12.0,1,3,71400
75,6000,4.0,128.0,50,13.0,29,16,11799
84,5000,8.0,128.0,50,16.0,24,51,26990
88,5000,8.0,128.0,50,32.0,24,134,43194
85,5160,8.0,128.0,48,20.0,26,142,13190
80,5000,6.0,128.0,50,13.0,29,17,14999
88,6000,12.0,512.0,50,32.0,27,130,32900
85,5000,12.0,256.0,50,12.0,29,103,36999
82,6000,8.0,256.0,50,16.0,27,130,24999
76,6000,8.0,256.0,50,32.0,20,92,24990
84,6000,8.0,128.0,50,32.0,20,32,16990
85,6400,12.0,256.0,50,16.0,14,149,22990
76,5500,6.0,128.0,50,8.0,35,17,15499
85,6500,8.0,256.0,50,50.0,35,117,25990
83,5000,8.0,256.0,50,13.0,29,17,19999
89,5000,8.0,256.0,50,50.0,35,59,44990
93,5800,16.0,512.0,50,32.0,2,132,101990
89,3582,8.0,256.0,48,12.0,1,5,122900
75,5000,4.0,128.0,48,8.0,13,17,9325
89,5200,12.0,512.0,50,50.0,11,117,29998
95,5850,12.0,256.0,200,50.0,11,132,66990
75,6000,6.0,128.0,108,32.0,29,92,16990
85,5000,8.0,128.0,64,32.0,25,23,21999
86,6000,8.0,256.0,50,50.0,35,117,29990
83,5000,8.0,128.0,108,16.0,26,15,14990
87,5000,8.0,256.0,50,50.0,35,41,36999
75,5000,4.0,128.0,50,8.0,26,98,9999
81,4500,8.0,256.0,50,8.0,23,167,15990
86,5000,12.0,512.0,200,60.0,14,137,72990
92,4700,16.0,256.0,50,42.0,9,154,99999
84,5000,8.0,128.0,50,16.0,24,138,37990
84,6000,6.0,128.0,108,32.0,20,122,12690
79,6500,8.0,256.0,50,16.0,25,102,25999
88,5000,8.0,256.0,50,50.0,22,128,30475
92,5100,12.0,256.0,50,50.0,31,45,39990
84,5500,8.0,256.0,50,20.0,36,31,25189
91,6000,12.0,256.0,50,32.0,24,132,59990
84,5200,12.0,512.0,50,32.0,27,128,22790
78,5000,8.0,256.0,108,8.0,31,17,13999
83,5500,8.0,256.0,50,16.0,14,32,21999
77,5100,6.0,128.0,50,5.0,25,17,14999
76,5000,6.0,128.0,32,8.0,27,17,11989
78,5100,8.0,256.0,32,8.0,25,17,15999
86,5000,8.0,256.0,50,13.0,29,63,26940
89,5000,12.0,256.0,50,32.0,29,64,37930
86,5000,12.0,256.0,50,50.0,35,117,25499
86,5500,8.0,128.0,50,50.0,35,102,23999
87,5000,12.0,512.0,200,16.0,36,25,28999
87,5000,12.0,256.0,50,32.0,22,24,22900
89,3274,8.0,512.0,48,12.0,1,4,139900
83,5000,8.0,256.0,48,13.0,36,95,14899
85,4500,8.0,128.0,64,20.0,26,145,16499
83,5000,8.0,128.0,108,32.0,29,125,44999
83,5000,8.0,128.0,50,16.0,24,127,21999
83,4500,8.0,128.0,50,32.0,25,13,19999
63,4000,3.0,32.0,13,5.0,27,89,3499
82,5000,8.0,128.0,50,13.0,29,17,16499
77,5800,6.0,128.0,50,8.0,29,17,12999
88,6000,16.0,512.0,200,32.0,36,131,119990
88,6700,12.0,256.0,50,16.0,27,132,34990
75,5100,4.0,128.0,50,8.0,31,22,7999
84,5500,8.0,256.0,50,50.0,35,32,27999
84,5000,8.0,128.0,50,16.0,27,28,17999
85,5500,8.0,256.0,50,50.0,35,53,31989
83,5000,8.0,256.0,50,16.0,27,17,14940
62,5000,3.0,64.0,8,5.0,36,159,6108
83,28000,8.0,256.0,60,16.0,7,88,22990
90,4900,12.0,512.0,50,12.0,29,68,65000
86,5000,12.0,512.0,64,16.0,26,42,29999
90,7050,16.0,512.0,50,16.0,23,132,69990
84,5800,8.0,256.0,108,16.0,11,102,19998
81,5200,8.0,128.0,200,32.0,36,34,32990
87,5000,8.0,256.0,108,50.0,13,37,21999
89,6000,8.0,256.0,108,32.0,29,63,26990
88,3900,8.0,256.0,50,12.0,29,133,54800
84,4600,8.0,256.0,50,50.0,35,41,27994
90,5000,8.0,128.0,108,32.0,29,115,42999
87,4500,8.0,128.0,50,10.0,29,134,44999
91,5700,12.0,256.0,50,32.0,25,58,49990
82,6000,8.0,128.0,50,16.0,27,104,15999
84,5500,8.0,256.0,50,20.0,26,31,20999
91,5800,12.0,512.0,50,50.0,25,45,54999
75,5500,8.0,128.0,50,16.0,36,99,12990
86,6200,8.0,256.0,50,20.0,36,130,29599
82,5200,8.0,128.0,50,32.0,27,128,20876
86,5500,8.0,256.0,50,50.0,35,117,35910
76,5000,6.0,128.0,50,8.0,15,15,8399
90,4700,12.0,512.0,50,32.0,36,149,42999
86,5000,8.0,256.0,108,32.0,13,20,16339
80,6000,8.0,128.0,50,8.0,35,102,15499
75,6000,6.0,128.0,50,16.0,29,72,17990
83,5000,8.0,128.0,50,32.0,25,17,20776
74,5000,4.0,64.0,50,13.0,29,105,7999
85,5000,8.0,256.0,64,32.0,27,129,26999
87,5000,8.0,256.0,50,32.0,20,102,33499
87,5000,12.0,256.0,200,16.0,36,25,25495
84,5100,8.0,256.0,200,16.0,36,128,19833
70,5000,4.0,128.0,50,8.0,15,17,9999
72,5000,4.0,64.0,50,8.0,15,15,7899
75,5160,4.0,128.0,50,13.0,36,79,10999
86,6550,12.0,256.0,50,20.0,36,136,30990
81,5000,8.0,256.0,108,32.0,22,92,49990
88,4600,12.0,256.0,50,32.0,25,41,29990
76,6000,4.0,128.0,50,13.0,29,16,12999
78,5000,6.0,128.0,50,8.0,35,14,15990
80,5000,6.0,64.0,64,13.0,36,84,9490
88,5000,8.0,128.0,50,32.0,29,63,29499
87,5000,6.0,128.0,64,32.0,29,61,23999
84,6200,12.0,256.0,50,50.0,35,58,48990
84,5500,8.0,128.0,50,16.0,29,104,34990
77,5160,8.0,128.0,50,8.0,26,98,11499
84,7000,12.0,256.0,50,50.0,14,92,89990
75,5000,6.0,128.0,50,8.0,29,17,11119
87,6550,12.0,512.0,50,20.0,26,47,34990
79,5500,8.0,128.0,50,8.0,35,17,16999
78,6000,8.0,128.0,50,8.0,27,17,14799
88,7000,12.0,256.0,50,32.0,24,56,34990
93,5800,16.0,512.0,50,32.0,35,59,71999
70,5000,4.0,128.0,50,8.0,17,160,6998
84,5000,8.0,256.0,50,32.0,35,98,23999
85,6500,12.0,256.0,50,50.0,36,92,69990
77,5000,6.0,128.0,50,8.0,13,23,11990
85,5100,16.0,256.0,50,50.0,9,155,139990
86,5000,8.0,256.0,108,32.0,13,20,18999
84,5500,8.0,256.0,50,16.0,14,117,24999
57,5100,4.0,64.0,8,5.0,25,111,8999
86,5200,12.0,256.0,50,32.0,27,129,24749
87,5200,12.0,512.0,50,32.0,27,129,32990
80,6500,8.0,128.0,50,8.0,35,32,13990
68,5000,4.0,64.0,32,5.0,27,161,7562
77,5100,8.0,256.0,50,11.0,9,155,69990
75,5000,6.0,128.0,50,8.0,27,17,11998
88,5500,16.0,512.0,50,50.0,12,92,129990
83,5000,8.0,256.0,50,16.0,27,23,18999
83,5000,8.0,256.0,50,16.0,35,26,20499
88,4600,12.0,256.0,108,32.0,13,20,22890
95,5600,12.0,512.0,180,50.0,11,136,89800
75,5000,4.0,128.0,50,5.0,36,16,11999
84,5000,8.0,128.0,50,13.0,29,61,18690
90,5000,16.0,256.0,108,32.0,21,138,49990
75,5000,4.0,128.0,108,8.0,27,157,8994
84,5160,8.0,256.0,64,32.0,31,51,23999
81,5050,12.0,128.0,50,5.0,9,153,96999
75,5000,4.0,64.0,50,13.0,29,62,10800
79,5000,6.0,128.0,50,16.0,36,10,15830
57,4000,2.0,32.0,8,8.0,15,93,6990
69,5500,4.0,64.0,13,5.0,35,17,10499
77,6000,8.0,256.0,50,50.0,25,92,25990
86,6300,12.0,256.0,200,8.0,11,138,29990
86,4005,8.0,256.0,48,12.0,1,6,66190
83,6000,12.0,256.0,50,16.0,27,130,25980
77,6000,8.0,256.0,50,50.0,27,92,30990
73,5160,4.0,128.0,50,8.0,36,98,10499
66,5000,3.0,64.0,13,8.0,13,76,6615
80,5500,6.0,128.0,50,16.0,26,32,17990
77,6500,8.0,128.0,50,32.0,29,92,17990
82,6000,8.0,128.0,50,8.0,35,102,19999
81,6000,8.0,128.0,50,13.0,29,16,14499
74,5000,4.0,64.0,48,8.0,31,17,9499
85,5000,8.0,256.0,50,16.0,27,27,18546
83,6000,12.0,256.0,64,50.0,27,92,49990
63,5000,4.0,64.0,13,8.0,31,162,7299
66,5500,4.0,128.0,50,16.0,29,92,9499
77,5000,6.0,128.0,50,8.0,14,17,11498
75,5000,4.0,128.0,64,16.0,17,17,14999
71,5000,4.0,64.0,50,8.0,29,80,9999
84,5000,8.0,256.0,50,32.0,20,110,15990
87,5000,12.0,256.0,50,32.0,25,17,29990
74,5000,4.0,128.0,50,8.0,27,17,10999
82,6000,8.0,128.0,50,8.0,35,98,17499
90,5300,12.0,256.0,50,2.0,11,136,39990
80,6000,8.0,128.0,50,13.0,29,16,14999
80,5000,8.0,128.0,50,16.0,27,102,17597
84,5000,12.0,256.0,50,20.0,36,149,23990
88,5000,12.0,512.0,50,50.0,35,41,36999
86,5000,8.0,256.0,64,32.0,25,23,21999
75,5000,4.0,128.0,50,8.0,35,14,11089
85,5000,12.0,256.0,108,16.0,36,15,19999
65,5000,4.0,64.0,16,5.0,20,160,6999
76,5000,8.0,256.0,108,32.0,31,88,12999
65,5000,3.0,64.0,13,8.0,13,79,6999
81,5000,8.0,128.0,50,13.0,29,16,16989
88,5000,8.0,256.0,200,50.0,11,113,37999
83,5000,8.0,128.0,50,16.0,27,23,17999
76,5000,8.0,256.0,108,32.0,36,37,24990
96,5000,16.0,512.0,50,32.0,36,136,99999
78,5000,8.0,128.0,50,8.0,25,19,14394
82,4325,6.0,128.0,12,12.0,1,2,69900
92,4820,12.0,256.0,50,32.0,36,135,54990
81,5100,8.0,256.0,64,16.0,26,128,20999
88,5000,8.0,256.0,200,32.0,27,23,27999
89,5000,8.0,128.0,64,32.0,29,61,27690
81,5000,6.0,128.0,64,16.0,24,109,19999
52,4000,1.0,16.0,8,8.0,15,158,5990
61,2050,3.0,64.0,12,7.0,1,0,29990
86,6000,12.0,256.0,50,16.0,14,132,39990
93,25500,12.0,512.0,64,32.0,33,32,34990
88,5000,12.0,256.0,50,32.0,22,130,28999
87,6000,12.0,256.0,200,50.0,35,92,79990
77,6700,12.0,256.0,50,32.0,14,92,29990
62,5000,4.0,128.0,50,13.0,15,92,8990
76,5700,8.0,256.0,50,32.0,26,92,29990
77,5300,8.0,256.0,50,50.0,22,45,28990
91,5800,16.0,512.0,50,16.0,27,132,59998
86,5500,8.0,128.0,200,32.0,36,17,18990
86,6600,8.0,256.0,108,16.0,11,102,32990
89,7000,12.0,256.0,50,32.0,23,132,69990
79,5160,8.0,256.0,50,13.0,26,78,10990
89,5000,8.0,256.0,50,32.0,20,103,34990
82,5000,8.0,128.0,50,32.0,35,109,23999
84,4700,16.0,256.0,50,48.0,9,155,111990
88,4600,12.0,256.0,108,32.0,13,20,21999
76,4310,12.0,256.0,50,32.0,20,32,26990
90,4700,12.0,512.0,50,32.0,36,149,44999
78,5100,8.0,256.0,50,8.0,25,17,18999
87,6400,12.0,256.0,50,16.0,14,55,26990
80,5000,8.0,128.0,64,8.0,25,23,25999
82,6500,8.0,128.0,50,32.0,35,102,21990
83,6000,12.0,512.0,50,50.0,27,137,49990
88,5000,12.0,256.0,50,50.0,29,115,25499
84,5000,8.0,256.0,64,32.0,17,23,16999
79,5000,6.0,128.0,50,16.0,35,98,18999
89,5000,8.0,256.0,50,32.0,25,23,29994
83,5000,8.0,128.0,64,32.0,17,23,15999
96,5500,12.0,256.0,200,50.0,35,136,76990
86,5000,8.0,128.0,108,32.0,13,88,12990
82,6000,8.0,128.0,50,8.0,20,10,11999
71,5000,4.0,128.0,13,8.0,25,14,13994
85,4600,12.0,256.0,50,50.0,35,41,29994
85,4383,6.0,256.0,48,12.0,1,3,81490
75,5000,4.0,128.0,50,8.0,27,16,11490
85,5000,8.0,256.0,64,50.0,35,109,24570
77,5000,6.0,128.0,50,8.0,36,98,12494
89,4700,12.0,256.0,50,32.0,22,138,37900
87,5000,8.0,256.0,108,16.0,13,15,14999
87,5000,12.0,256.0,200,32.0,1,92,179900
93,5000,12.0,256.0,100,50.0,20,136,54990
86,4800,12.0,256.0,200,32.0,24,137,70990
85,5000,12.0,256.0,64,16.0,26,118,22680
79,5000,8.0,128.0,64,8.0,27,81,13646
75,5000,4.0,64.0,50,13.0,29,105,8449
92,4610,12.0,512.0,50,32.0,36,136,49999
88,4700,12.0,256.0,64,32.0,25,138,38349
81,5000,8.0,128.0,50,16.0,17,15,10999
86,4500,8.0,256.0,50,16.0,22,124,27987
84,5000,8.0,256.0,64,16.0,26,118,25200
87,4400,8.0,256.0,50,32.0,20,37,34989
88,6000,12.0,256.0,64,24.0,2,146,33990
90,4700,12.0,256.0,50,32.0,35,134,41599
88,4600,8.0,256.0,50,32.0,36,134,35999
64,5000,4.0,32.0,13,5.0,16,19,9990
80,5000,6.0,128.0,64,8.0,29,19,14799
80,5000,6.0,64.0,64,16.0,26,107,12990
81,6000,6.0,128.0,64,16.0,20,122,10999
86,4500,8.0,128.0,12,32.0,29,66,33999
92,4500,12.0,256.0,108,10.0,29,71,53999
82,6500,12.0,256.0,64,16.0,23,92,59990
86,5200,8.0,256.0,50,32.0,13,73,16999
75,5500,6.0,128.0,50,13.0,29,92,29999
75,5800,4.0,128.0,50,8.0,29,17,11499
85,6500,12.0,256.0,50,50.0,24,131,89990
75,6700,8.0,128.0,50,32.0,14,35,17990
89,4000,12.0,512.0,50,12.0,29,148,92999
78,7700,12.0,256.0,50,32.0,26,92,37990
89,5600,8.0,256.0,50,32.0,25,59,49990
76,7000,12.0,256.0,50,32.0,24,57,29990
78,6880,12.0,256.0,50,32.0,36,92,34990
90,6500,12.0,256.0,50,50.0,35,59,44990
86,5700,12.0,256.0,200,50.0,36,131,59990
58,5100,4.0,128.0,8,5.0,25,111,9999
98,23800,16.0,512.0,200,50.0,34,41,91500
70,5200,4.0,128.0,50,5.0,11,75,8990
76,5000,6.0,128.0,50,13.0,31,73,17990
76,6000,4.0,128.0,50,13.0,29,16,11999
91,4685,8.0,512.0,48,12.0,1,5,155900
85,5000,12.0,256.0,50,16.0,27,28,18999
76,5000,6.0,128.0,108,8.0,31,17,11999
86,5000,12.0,256.0,50,16.0,27,27,20832
84,5500,12.0,256.0,50,16.0,14,32,23999
65,5000,4.0,128.0,8,5.0,36,159,6930
91,4700,12.0,256.0,50,50.0,36,150,43990
67,5100,4.0,64.0,8,5.0,25,17,11499
88,5500,12.0,512.0,50,50.0,35,117,41999
85,5200,12.0,512.0,50,32.0,27,129,23499
67,5000,4.0,64.0,32,5.0,27,161,7498
72,5000,6.0,128.0,32,5.0,27,161,8199
89,5000,12.0,256.0,50,32.0,36,42,60990
89,5500,12.0,256.0,50,32.0,27,149,35999
70,5000,4.0,128.0,13,5.0,35,17,10999
84,5000,8.0,128.0,48,8.0,30,102,35990
79,5000,8.0,128.0,64,16.0,35,109,20999
72,5000,4.0,128.0,50,8.0,27,161,8249
80,5000,8.0,128.0,50,8.0,27,16,13958
84,5000,8.0,256.0,50,16.0,27,23,18999
85,6000,12.0,256.0,50,16.0,14,149,32990
80,5000,8.0,128.0,108,8.0,27,16,14049
82,5160,8.0,128.0,50,16.0,14,135,31999
87,6100,12.0,256.0,50,16.0,24,136,37990
87,6000,8.0,256.0,108,32.0,31,15,19999
86,5000,12.0,256.0,64,32.0,27,129,30490
88,4000,8.0,128.0,50,12.0,29,68,58494
94,5000,12.0,256.0,50,32.0,25,136,69990
76,5160,6.0,128.0,50,13.0,26,78,8990
76,5000,6.0,128.0,50,5.0,36,16,11299
72,5000,4.0,64.0,50,8.0,27,17,10499
84,4500,8.0,256.0,50,10.0,29,67,43500
80,5000,8.0,128.0,50,8.0,25,14,17200
77,5100,8.0,128.0,50,12.0,1,8,99999
85,7100,8.0,128.0,108,16.0,21,138,34990
81,5200,8.0,128.0,50,8.0,20,78,12990
89,4700,12.0,512.0,50,32.0,22,138,37500
85,5000,8.0,128.0,50,32.0,21,101,24999
84,5500,8.0,256.0,50,32.0,27,119,19990
71,5000,4.0,64.0,50,8.0,35,80,7999
91,6000,12.0,256.0,50,20.0,36,132,44990
73,5000,4.0,128.0,50,8.0,35,80,15990
81,5000,8.0,128.0,50,16.0,27,102,22990
83,5000,12.0,256.0,64,16.0,36,118,27990
90,5000,16.0,256.0,108,32.0,21,138,55990
89,5000,8.0,512.0,108,32.0,31,38,24999
79,5000,6.0,64.0,50,13.0,36,106,10499
85,5000,8.0,128.0,50,16.0,24,136,49990
81,5000,6.0,128.0,108,16.0,13,88,16999
88,4400,8.0,128.0,50,32.0,20,146,28999
76,5000,4.0,64.0,50,13.0,36,105,12919
89,5000,8.0,128.0,108,32.0,29,126,42999
86,4500,6.0,128.0,64,10.0,29,141,39990
88,4500,8.0,128.0,12,32.0,29,144,47999
78,5000,6.0,64.0,48,16.0,26,120,9990
49,2800,2.0,64.0,5,2.0,16,94,4499
91,6000,12.0,256.0,50,32.0,25,58,49990
86,5100,8.0,128.0,48,13.0,9,154,46999
78,5500,8.0,256.0,50,5.0,35,17,15990
84,6700,12.0,256.0,50,50.0,14,131,69990
82,5200,8.0,256.0,50,50.0,31,73,17990
63,6000,4.0,128.0,13,8.0,15,76,7299
76,5200,8.0,128.0,50,12.0,9,155,49990
76,5000,6.0,128.0,50,13.0,29,70,9699
82,6000,8.0,256.0,50,16.0,27,28,26378
79,6500,6.0,128.0,50,8.0,25,102,19999
81,5000,6.0,128.0,108,50.0,11,106,17999
80,5500,8.0,256.0,50,8.0,35,17,18999
82,6500,8.0,128.0,50,16.0,27,22,16990
83,5500,8.0,256.0,50,32.0,35,102,29990
78,5000,6.0,128.0,50,32.0,15,163,8990
84,5000,12.0,256.0,50,32.0,29,92,79990
75,5000,4.0,128.0,48,8.0,31,17,9999
78,6000,6.0,128.0,50,13.0,29,16,13499
91,5800,12.0,256.0,50,32.0,2,132,83990
65,5000,4.0,64.0,13,5.0,35,161,6499
88,6100,12.0,256.0,50,16.0,24,132,39990
85,5500,12.0,256.0,50,16.0,14,117,30000
76,5500,6.0,128.0,50,8.0,25,32,14990
74,5000,4.0,128.0,32,8.0,27,17,10990
67,5000,4.0,64.0,32,5.0,27,161,7990
62,5000,4.0,128.0,50,8.0,15,159,6997
89,4600,12.0,256.0,108,50.0,10,129,35999
76,5000,6.0,128.0,50,8.0,27,17,12498
85,5000,12.0,512.0,50,50.0,31,9,23999
75,5000,4.0,128.0,50,8.0,35,17,12999
82,7000,12.0,256.0,50,50.0,28,58,59990
86,5500,8.0,256.0,50,50.0,35,102,25999
75,5000,4.0,128.0,50,8.0,27,16,11993
72,5000,8.0,128.0,50,8.0,15,88,8990
88,5000,12.0,256.0,64,50.0,35,56,42990
87,5000,8.0,256.0,50,50.0,29,115,22999
84,5160,12.0,256.0,50,16.0,14,135,39390
65,5000,4.0,128.0,32,5.0,27,12,14990
87,5000,8.0,256.0,64,32.0,25,23,25990
83,5000,8.0,128.0,50,16.0,27,23,19499
84,5100,12.0,512.0,64,16.0,26,128,24990
74,5000,6.0,128.0,50,5.0,26,16,10990
79,5000,8.0,256.0,50,5.0,36,16,14499
74,5000,6.0,128.0,50,8.0,29,80,8959
64,5000,3.0,64.0,8,5.0,36,75,6996
75,5000,6.0,128.0,50,8.0,17,14,9169
89,6000,8.0,256.0,64,16.0,23,136,52990
84,5500,12.0,256.0,50,16.0,24,119,23999
89,4441,8.0,512.0,48,12.0,1,4,154900
85,6000,8.0,128.0,50,13.0,29,61,18999
77,5000,6.0,128.0,50,8.0,36,81,9989
89,5400,12.0,256.0,50,32.0,27,136,38990
87,5000,16.0,256.0,50,16.0,24,51,32999
87,4500,8.0,256.0,12,32.0,29,147,33490
71,2000,8.0,256.0,48,8.0,34,88,11500
90,4500,12.0,256.0,108,32.0,21,118,52990
93,6100,12.0,256.0,50,32.0,36,132,79990
85,5000,8.0,128.0,108,32.0,13,14,17990
77,5000,8.0,128.0,64,16.0,29,92,18990
84,5160,12.0,256.0,50,16.0,14,135,26990
78,5000,6.0,128.0,108,8.0,27,16,16999
75,5000,4.0,128.0,50,8.0,35,14,14990
86,5000,8.0,256.0,48,13.0,29,10,25999
86,5000,8.0,128.0,48,13.0,29,10,22999
79,4500,6.0,128.0,64,16.0,35,109,15999
87,5000,16.0,256.0,50,16.0,24,138,41999
90,5000,16.0,256.0,50,16.0,24,135,61999
82,4500,8.0,128.0,64,16.0,35,50,15999
80,5000,6.0,128.0,48,13.0,36,95,12239
86,4600,12.0,256.0,50,32.0,25,126,29290
86,4980,8.0,256.0,200,16.0,36,10,19932
82,3279,6.0,256.0,12,12.0,1,2,64900
91,5000,12.0,256.0,50,32.0,25,135,71990
72,5000,4.0,64.0,50,5.0,25,74,9900
79,5000,6.0,128.0,50,8.0,29,109,14950
73,4000,4.0,64.0,13,8.0,30,90,15990
79,5000,8.0,128.0,50,16.0,13,85,9899
95,4500,12.0,256.0,200,10.0,29,138,104999
83,4020,8.0,128.0,64,32.0,20,109,19999
85,7000,6.0,128.0,64,32.0,29,50,21999
92,6000,12.0,256.0,200,32.0,21,134,46999
77,6000,4.0,128.0,50,13.0,29,62,13499
87,5000,8.0,128.0,108,32.0,29,49,25949
80,5000,6.0,128.0,48,16.0,27,126,16990
84,5000,8.0,128.0,50,16.0,24,39,27999
86,4500,6.0,128.0,64,10.0,29,145,39990
80,5000,6.0,128.0,50,16.0,20,109,14790
73,5000,6.0,128.0,13,8.0,25,19,17990
90,4500,12.0,512.0,12,8.0,30,147,134999
78,4500,6.0,128.0,50,16.0,27,52,18990
88,5000,8.0,128.0,50,32.0,27,134,29999
87,4500,12.0,256.0,50,32.0,25,11,27490
86,4250,8.0,128.0,64,20.0,36,123,22490
82,4250,8.0,128.0,64,16.0,36,121,10999
77,6000,4.0,64.0,64,16.0,20,122,9999
81,5020,6.0,128.0,64,16.0,36,121,14498
88,4800,8.0,128.0,64,10.0,29,66,81999
48,5000,1.0,16.0,8,8.0,15,152,6490
82,4500,8.0,128.0,64,16.0,25,109,18990
89,5000,12.0,256.0,108,25.0,20,143,49999
81,7000,8.0,256.0,50,16.0,25,104,19999
78,7500,8.0,256.0,50,50.0,14,92,23990
75,6500,8.0,128.0,50,32.0,27,92,18990
71,7300,8.0,128.0,50,32.0,35,92,19999
68,5000,4.0,64.0,50,8.0,17,160,6999
88,5000,8.0,256.0,200,16.0,36,87,21990
83,5200,8.0,256.0,50,32.0,27,128,22969
84,6500,8.0,256.0,50,32.0,35,106,44990
83,5500,8.0,512.0,50,32.0,23,166,27990
87,4005,8.0,512.0,48,12.0,1,6,84990
73,5600,8.0,128.0,50,32.0,20,104,22990
87,6500,12.0,256.0,50,16.0,27,132,36999
90,4900,12.0,512.0,50,12.0,29,148,111999
90,6000,12.0,256.0,50,32.0,36,48,67990
64,5500,4.0,128.0,50,8.0,20,82,7999
79,5000,8.0,128.0,48,8.0,31,17,11999
86,7000,12.0,256.0,50,16.0,27,55,29990
74,5000,4.0,128.0,50,8.0,17,166,9499
64,5500,4.0,128.0,50,8.0,26,92,8999
86,6500,12.0,256.0,50,50.0,11,131,88990
82,5500,8.0,128.0,50,16.0,26,23,14990
88,5000,8.0,256.0,50,50.0,27,32,25990
76,5600,12.0,256.0,50,8.0,27,17,18990
93,5300,12.0,512.0,50,2.0,11,136,48999
76,5000,4.0,64.0,50,16.0,20,17,16990
62,5000,4.0,64.0,8,5.0,27,161,6299
93,5630,16.0,512.0,50,32.0,25,59,79999
76,6500,6.0,128.0,50,8.0,35,106,14499
84,6500,12.0,256.0,50,50.0,25,60,69990
64,5000,4.0,64.0,8,5.0,36,159,6520
89,10200,12.0,256.0,100,32.0,5,41,27990
74,5000,4.0,128.0,50,8.0,15,15,8999
72,5000,4.0,64.0,48,8.0,31,17,9999
84,6400,8.0,256.0,50,16.0,25,117,22990
85,5500,12.0,256.0,50,50.0,29,92,99990
87,5000,12.0,256.0,50,50.0,29,115,34990
83,5000,8.0,128.0,108,13.0,31,73,13990
81,5000,8.0,128.0,50,32.0,20,32,18990
90,3582,8.0,512.0,48,12.0,1,5,142900
88,3561,8.0,512.0,48,12.0,1,6,102900
82,6000,8.0,256.0,108,32.0,31,32,20990
86,6000,12.0,256.0,50,50.0,36,140,74990
76,5000,6.0,128.0,50,16.0,20,17,14990
75,5000,4.0,128.0,50,8.0,20,17,9990
84,5000,8.0,256.0,50,32.0,25,17,22999
93,5060,16.0,512.0,50,42.0,9,154,129999
78,5000,8.0,128.0,32,8.0,27,17,12890
54,5000,4.0,64.0,8,5.0,15,159,6099
87,5000,12.0,256.0,50,50.0,22,33,29999
83,5200,8.0,256.0,50,32.0,27,129,21500
85,5000,12.0,256.0,50,20.0,26,149,26999
83,5000,8.0,256.0,64,50.0,10,166,22499
59,5000,4.0,64.0,13,5.0,35,161,7499
81,4000,12.0,256.0,100,32.0,34,32,17990
77,5000,6.0,128.0,50,8.0,35,17,14499
78,5000,4.0,128.0,50,13.0,29,88,17990
76,6000,8.0,256.0,50,5.0,35,98,12990
70,5000,6.0,128.0,50,16.0,29,92,9999
82,5500,8.0,256.0,50,16.0,25,26,24990
72,5000,4.0,64.0,50,8.0,27,161,7999
81,5000,8.0,256.0,108,8.0,31,15,15999
77,5100,8.0,128.0,50,24.0,1,7,89990
72,5000,4.0,128.0,50,8.0,35,80,8499
81,5000,8.0,128.0,50,8.0,27,26,17990
87,5000,12.0,512.0,200,16.0,36,25,34998
81,5000,8.0,256.0,50,16.0,27,102,19999
79,6000,8.0,256.0,50,8.0,35,98,19990
75,5000,8.0,128.0,108,8.0,15,82,8499
79,5500,12.0,256.0,50,32.0,36,137,46990
78,5000,6.0,128.0,50,16.0,27,14,12999
79,6000,6.0,128.0,50,13.0,29,16,14499
79,7000,8.0,128.0,50,8.0,31,86,14990
86,5000,8.0,256.0,108,32.0,13,88,14990
77,5000,6.0,128.0,50,8.0,27,16,13490
58,5000,4.0,64.0,13,5.0,17,92,6198
84,5000,12.0,256.0,108,16.0,26,15,15990
81,5000,8.0,128.0,50,8.0,25,20,20990
91,5000,12.0,256.0,50,32.0,36,55,74990
84,5000,8.0,256.0,50,16.0,27,23,19800
77,5000,6.0,128.0,50,8.0,13,73,9990
85,5000,8.0,256.0,50,50.0,31,86,14990
87,5000,8.0,256.0,50,50.0,31,40,22990
69,5000,6.0,128.0,8,5.0,36,75,8425
60,5000,4.0,64.0,13,5.0,27,161,5499
77,5000,6.0,128.0,50,8.0,35,14,13448
85,5000,8.0,256.0,50,13.0,29,61,19994
89,5050,12.0,256.0,50,32.0,19,136,57999
91,5000,12.0,256.0,48,12.0,30,136,136990
86,5000,8.0,256.0,108,32.0,13,86,15999
72,6000,4.0,128.0,50,8.0,13,75,7799
83,6000,8.0,256.0,108,8.0,11,14,19990
75,5000,4.0,128.0,50,8.0,27,16,11899
85,5000,8.0,256.0,108,32.0,31,86,17999
65,5000,4.0,64.0,12,8.0,31,160,6899
82,5000,8.0,128.0,50,32.0,35,23,24999
87,6500,16.0,256.0,50,16.0,23,136,56990
73,5000,4.0,128.0,50,8.0,36,80,9294
86,5000,8.0,128.0,50,16.0,20,104,23990
83,5000,8.0,256.0,108,16.0,27,16,19949
78,5000,8.0,128.0,50,32.0,31,80,8499
91,5000,12.0,256.0,200,32.0,13,38,42999
83,5050,12.0,256.0,50,13.0,12,91,74990
89,4800,8.0,256.0,200,32.0,19,136,38990
85,6000,8.0,128.0,50,16.0,23,139,45990
76,5000,4.0,128.0,50,8.0,35,14,20999
83,5000,8.0,128.0,50,16.0,14,138,35391
83,5000,16.0,256.0,200,32.0,3,137,65990
86,5000,8.0,128.0,108,16.0,24,126,24990
86,5000,12.0,256.0,50,16.0,26,135,45990
81,5000,8.0,128.0,64,16.0,31,88,14990
86,5500,12.0,256.0,50,32.0,27,149,24999
79,5000,8.0,128.0,50,8.0,31,88,11990
82,4500,8.0,128.0,64,16.0,35,109,19990
94,5400,12.0,256.0,200,32.0,35,136,99990
83,5000,8.0,128.0,50,32.0,13,81,8990
66,5000,4.0,64.0,8,5.0,26,75,7499
89,5000,8.0,256.0,50,32.0,29,63,32190
66,2500,8.0,256.0,8,5.0,6,88,18990
93,4880,12.0,256.0,50,32.0,36,136,56990
93,5100,16.0,256.0,64,16.0,14,136,64990
89,4700,8.0,512.0,50,12.0,29,133,75000
79,5000,6.0,128.0,50,13.0,29,62,14499
82,5000,8.0,128.0,50,16.0,36,10,17000
93,4800,12.0,256.0,108,32.0,24,136,69999
87,4980,12.0,256.0,200,16.0,36,10,30999
84,5000,8.0,128.0,108,16.0,27,10,19990
84,5000,8.0,128.0,108,32.0,14,118,25990
73,5000,4.0,128.0,13,5.0,36,19,12990
74,5000,4.0,64.0,50,16.0,27,88,10490
84,5000,8.0,256.0,108,32.0,35,101,28990
72,5000,4.0,64.0,50,8.0,35,77,9432
